<routes xmlns="http://camel.apache.org/schema/spring">
    <route id="exampleRoute">
        <from uri="direct:start"/>
        <log message="Example Camel route triggered!"/>
        <setBody>
            <constant>&lt;root/&gt;</constant>
        </setBody>
        <loop>
            <constant>5</constant>
            <to uri="log:group?level=INFO&amp;multiline=true&amp;showAllProperties=true"/>
            <to uri="xslt-saxon:xslt/transform.xsl"/>
            <log message="Transformed XML: ${body}"/>
        </loop>
    </route>
</routes>